{
  "Choose room from some hotel-1" : {
    "transaction" : "Choose room from some hotel-1",
    "sampleCount" : 1000,
    "errorCount" : 0,
    "errorPct" : 0.0,
    "meanResTime" : 914.7830000000005,
    "medianResTime" : 456.5,
    "minResTime" : 305.0,
    "maxResTime" : 15358.0,
    "pct1ResTime" : 1396.6,
    "pct2ResTime" : 2303.8999999999996,
    "pct3ResTime" : 10888.140000000001,
    "throughput" : 8.729964730942488,
    "receivedKBytesPerSec" : 72.47405290795125,
    "sentKBytesPerSec" : 1.6453937432342773
  },
  "Choose room from some hotel-0" : {
    "transaction" : "Choose room from some hotel-0",
    "sampleCount" : 1000,
    "errorCount" : 0,
    "errorPct" : 0.0,
    "meanResTime" : 555.3199999999996,
    "medianResTime" : 400.5,
    "minResTime" : 277.0,
    "maxResTime" : 3617.0,
    "pct1ResTime" : 1057.8,
    "pct2ResTime" : 1494.6999999999996,
    "pct3ResTime" : 2133.8900000000003,
    "throughput" : 8.711787920234869,
    "receivedKBytesPerSec" : 4.321863538554017,
    "sentKBytesPerSec" : 1.6419678404348923
  },
  "Visit homepage" : {
    "transaction" : "Visit homepage",
    "sampleCount" : 1000,
    "errorCount" : 0,
    "errorPct" : 0.0,
    "meanResTime" : 1550.2199999999996,
    "medianResTime" : 919.0,
    "minResTime" : 579.0,
    "maxResTime" : 15591.0,
    "pct1ResTime" : 3165.9,
    "pct2ResTime" : 4490.75,
    "pct3ResTime" : 9661.910000000003,
    "throughput" : 8.432556413802407,
    "receivedKBytesPerSec" : 74.18014470266806,
    "sentKBytesPerSec" : 1.926970899247816
  },
  "Visit homepage-1" : {
    "transaction" : "Visit homepage-1",
    "sampleCount" : 1000,
    "errorCount" : 0,
    "errorPct" : 0.0,
    "meanResTime" : 872.6360000000003,
    "medianResTime" : 448.0,
    "minResTime" : 286.0,
    "maxResTime" : 13185.0,
    "pct1ResTime" : 1849.2999999999997,
    "pct2ResTime" : 2536.849999999997,
    "pct3ResTime" : 6761.880000000001,
    "throughput" : 8.525948724944369,
    "receivedKBytesPerSec" : 71.40482057140908,
    "sentKBytesPerSec" : 0.9741562507993077
  },
  "Explore pokhara package-0" : {
    "transaction" : "Explore pokhara package-0",
    "sampleCount" : 1000,
    "errorCount" : 0,
    "errorPct" : 0.0,
    "meanResTime" : 575.7580000000002,
    "medianResTime" : 397.0,
    "minResTime" : 281.0,
    "maxResTime" : 3631.0,
    "pct1ResTime" : 1108.9999999999998,
    "pct2ResTime" : 1595.85,
    "pct3ResTime" : 2146.95,
    "throughput" : 8.668215387815957,
    "receivedKBytesPerSec" : 4.715035127942859,
    "sentKBytesPerSec" : 2.048543089698693
  },
  "Total" : {
    "transaction" : "Total",
    "sampleCount" : 9000,
    "errorCount" : 0,
    "errorPct" : 0.0,
    "meanResTime" : 928.041111111109,
    "medianResTime" : 616.0,
    "minResTime" : 277.0,
    "maxResTime" : 15668.0,
    "pct1ResTime" : 1709.0,
    "pct2ResTime" : 2532.7999999999956,
    "pct3ResTime" : 6415.599999999991,
    "throughput" : 75.08447002878238,
    "receivedKBytesPerSec" : 442.39222250031287,
    "sentKBytesPerSec" : 17.988987611062445
  },
  "Visit homepage-0" : {
    "transaction" : "Visit homepage-0",
    "sampleCount" : 1000,
    "errorCount" : 0,
    "errorPct" : 0.0,
    "meanResTime" : 677.2549999999999,
    "medianResTime" : 443.5,
    "minResTime" : 281.0,
    "maxResTime" : 5664.0,
    "pct1ResTime" : 1334.1,
    "pct2ResTime" : 1867.3999999999992,
    "pct3ResTime" : 3526.4100000000017,
    "throughput" : 8.454586190278915,
    "receivedKBytesPerSec" : 3.566778549023918,
    "sentKBytesPerSec" : 0.9660025236939779
  },
  "Explore pokhara package-1" : {
    "transaction" : "Explore pokhara package-1",
    "sampleCount" : 1000,
    "errorCount" : 0,
    "errorPct" : 0.0,
    "meanResTime" : 580.0809999999999,
    "medianResTime" : 407.0,
    "minResTime" : 289.0,
    "maxResTime" : 3653.0,
    "pct1ResTime" : 1162.2999999999997,
    "pct2ResTime" : 1577.5499999999993,
    "pct3ResTime" : 2175.78,
    "throughput" : 8.670394936489357,
    "receivedKBytesPerSec" : 72.61455759309837,
    "sentKBytesPerSec" : 2.049058178350024
  },
  "Explore pokhara package" : {
    "transaction" : "Explore pokhara package",
    "sampleCount" : 1000,
    "errorCount" : 0,
    "errorPct" : 0.0,
    "meanResTime" : 1156.024000000002,
    "medianResTime" : 855.5,
    "minResTime" : 579.0,
    "maxResTime" : 5649.0,
    "pct1ResTime" : 2187.5,
    "pct2ResTime" : 3047.7499999999995,
    "pct3ResTime" : 4521.010000000001,
    "throughput" : 8.645209257290071,
    "receivedKBytesPerSec" : 77.1061485808889,
    "sentKBytesPerSec" : 4.0862121880160105
  },
  "Choose room from some hotel" : {
    "transaction" : "Choose room from some hotel",
    "sampleCount" : 1000,
    "errorCount" : 0,
    "errorPct" : 0.0,
    "meanResTime" : 1470.293000000001,
    "medianResTime" : 908.5,
    "minResTime" : 601.0,
    "maxResTime" : 15668.0,
    "pct1ResTime" : 2738.5,
    "pct2ResTime" : 3891.59999999999,
    "pct3ResTime" : 11175.140000000001,
    "throughput" : 8.683193678635002,
    "receivedKBytesPerSec" : 76.39344907306906,
    "sentKBytesPerSec" : 3.2731569921417094
  }
}